{
    "cumulative_income": 1.8871923799999593,
    "balance": -420.01018352,
    "crypto_holdings": 0.007
}