{
    "cumulative_income": 2.4748042899999367,
    "balance": -239.26638210000004,
    "crypto_holdings": 0.09
}