{
    "cumulative_income": 0.019937424000000092,
    "balance": -24.874686330000003,
    "crypto_holdings": 0.00042
}