{
    "cumulative_income": 0.06643360000000076,
    "balance": -23.8116206,
    "crypto_holdings": 0.009000000000000001
}