{
    "cumulative_income": 4.012416000000144,
    "balance": -234.16752599999984,
    "crypto_holdings": 0.09
}