{
    "cumulative_income": 5.855655300000151,
    "balance": -74.73885869999985,
    "crypto_holdings": 0.03
}