{
    "cumulative_income": 1.7327051228999761,
    "balance": -120.63694227710005,
    "crypto_holdings": 0.002
}