{
    "cumulative_income": 3.285134779999865,
    "balance": -303.99033372000014,
    "crypto_holdings": 0.005
}