{
    "cumulative_income": 1.7327051228999761,
    "balance": -181.55149597710005,
    "crypto_holdings": 0.003
}