{
    "cumulative_income": 3.1125969799998856,
    "balance": -304.1628715200001,
    "crypto_holdings": 0.005
}