{
    "cumulative_income": 3.878090379999847,
    "balance": -364.4120318200001,
    "crypto_holdings": 0.006
}