{
    "cumulative_income": 3.729072000000116,
    "balance": -234.4508699999999,
    "crypto_holdings": 0.09
}