{
    "cumulative_income": 10.409958000000117,
    "balance": -655.3671539999999,
    "crypto_holdings": 0.24
}