{
    "cumulative_income": 2.3093520000000893,
    "balance": -312.86150399999997,
    "crypto_holdings": 0.12
}