{
    "cumulative_income": 8.249895179999918,
    "balance": -313.33987332,
    "crypto_holdings": 0.005
}