{
    "cumulative_income": 2.4748042899999367,
    "balance": -159.00010931000003,
    "crypto_holdings": 0.06
}